admin1_pcode,state,admin3_pcode,township,total_pop,idps,pop_minus_idps,food_secure,marginally_food_secure,moderately_food_insecure,severely_food_insecure,food_insecure_moderately_severely,moderate_food_insecure_number,severely_food_insecure_number,moderately_severely,total_pin,pc_vul,has_idp
MMR001,Kachin,MMR001010,Bhamo,154328.6819752977,9577,144751.6819752977,0.171,0.566,0.262,0,0.262,37924.94067752799,0,37924.94067752799,47501.94067752799,0.30779722906679974,yes
MMR001,Kachin,MMR001005,Chipwi,22760.235051575986,2719,20041.235051575986,0.171,0.566,0.262,0,0.262,5250.8035835129085,0,5250.8035835129085,7969.8035835129085,0.35016350074825153,yes
MMR001,Kachin,MMR001009,Hpakant,376752.9342027131,4359,372393.9342027131,0.171,0.566,0.262,0,0.262,97567.21076111084,0,97567.21076111084,101926.21076111084,0.2705385983968717,yes
MMR001,Kachin,MMR001003,Injangyang,1967.200314852518,566,1401.200314852518,0.171,0.566,0.262,0,0.262,367.11448249135975,0,367.11448249135975,933.1144824913597,0.47433628159078234,yes
MMR001,Kachin,MMR001018,Khaunglanhpu,13237.713435107447,NA,13237.713435107447,0.171,0.566,0.262,0,0.262,3468.280919998151,0,3468.280919998151,3468.280919998151,0.262,no
MMR001,Kachin,MMR001016,Machanbaw,10060.889370071365,NA,10060.889370071365,0.171,0.566,0.262,0,0.262,2635.9530149586976,0,2635.9530149586976,2635.9530149586976,0.262,no
MMR001,Kachin,MMR001013,Mansi,60134.76943987677,14244,45890.76943987677,0.171,0.566,0.262,0,0.262,12023.381593247714,0,12023.381593247714,26267.381593247716,0.4368085524882582,yes
MMR001,Kachin,MMR001008,Mogaung,150615.76175055586,1632,148983.76175055586,0.171,0.566,0.262,0,0.262,39033.745578645634,0,39033.745578645634,40665.745578645634,0.2699966132760707,yes
MMR001,Kachin,MMR001007,Mohnyin,237713.2149515665,392,237321.2149515665,0.171,0.566,0.262,0,0.262,62178.15831731043,0,62178.15831731043,62570.15831731043,0.26321699586646435,yes
MMR001,Kachin,MMR001012,Momauk,71457.52921976405,25099,46358.52921976405,0.171,0.566,0.262,0,0.262,12145.934655578181,0,12145.934655578181,37244.93465557818,0.5212177787596497,yes
MMR001,Kachin,MMR001001,Myitkyina,360733.65404065774,11726,349007.65404065774,0.171,0.566,0.262,0,0.262,91440.00535865233,0,91440.00535865233,103166.00535865233,0.2859894113096103,yes
MMR001,Kachin,MMR001017,Nawngmun,8090.28166437326,NA,8090.28166437326,0.171,0.566,0.262,0,0.262,2119.6537960657943,0,2119.6537960657943,2119.6537960657943,0.262,no
MMR001,Kachin,MMR001014,Puta-O,69368.79863141889,498,68870.79863141889,0.171,0.566,0.262,0,0.262,18044.14924143175,0,18044.14924143175,18542.14924143175,0.26729811683712135,yes
MMR001,Kachin,MMR001011,Shwegu,107655.37796938862,3129,104526.37796938862,0.171,0.566,0.262,0,0.262,27385.91102797982,0,27385.91102797982,30514.91102797982,0.28344994559079634,yes
MMR001,Kachin,MMR001015,Sumprabum,2891.7390309552607,1203,1688.7390309552607,0.171,0.566,0.262,0,0.262,442.4496261102783,0,442.4496261102783,1645.4496261102784,0.5690173312654422,yes
MMR001,Kachin,MMR001004,Tanai,68169.3970537721,1257,66912.3970537721,0.171,0.566,0.262,0,0.262,17531.04802808829,0,17531.04802808829,18788.04802808829,0.2756082471034364,yes
MMR001,Kachin,MMR001006,Tsawlaw,7403.124510513114,NA,7403.124510513114,0.171,0.566,0.262,0,0.262,1939.618621754436,0,1939.618621754436,1939.618621754436,0.262,no
MMR001,Kachin,MMR001002,Waingmaw,142592.4921061458,26801,115791.4921061458,0.171,0.566,0.262,0,0.262,30337.3709318102,0,30337.3709318102,57138.370931810205,0.40071093567308175,yes
MMR002,Kayah,MMR002005,Bawlake,12712.895004683189,NA,12712.895004683189,0.114,0,0.304,0.077,0.381,3864.7200814236894,978.8929153606056,4843.612996784295,4843.612996784295,0.381,no
MMR002,Kayah,MMR002002,Demoso,91567.29695033768,52003,39564.29695033768,0.114,0,0.304,0.077,0.381,12027.546272902655,3046.4508651760016,15073.997138078656,67076.99713807866,0.7325431608454976,yes
MMR002,Kayah,MMR002006,Hpasawng,29590.199595294787,120,29470.199595294787,0.114,0,0.304,0.077,0.381,8958.940676969614,2269.2053688376986,11228.146045807312,11348.146045807312,0.3835102906035081,yes
MMR002,Kayah,MMR002003,Hpruso,33960.40177042233,6572,27388.40177042233,0.114,0,0.304,0.077,0.381,8326.074138208389,2108.9069363225194,10434.981074530908,17006.981074530908,0.5007885710393175,yes
MMR002,Kayah,MMR002001,Loikaw,148449.29351548982,21208,127241.29351548982,0.114,0,0.304,0.077,0.381,38681.353228708904,9797.579600692716,48478.932829401616,69686.93282940162,0.4694325663606489,yes
MMR002,Kayah,MMR002007,Mese,7305.63691656903,320,6985.63691656903,0.114,0,0.304,0.077,0.381,2123.6336226369854,537.8940425758153,2661.5276652128005,2981.5276652128005,0.4081133102099228,yes
MMR002,Kayah,MMR002004,Shadaw,7794.683350452351,NA,7794.683350452351,0.114,0,0.304,0.077,0.381,2369.583738537515,600.1906179848311,2969.774356522346,2969.774356522346,0.381,no
MMR003,Kayin,MMR003002,Hlaingbwe,275878.0378153535,8228,267650.0378153535,0.121,0.571,0.282,0.026,0.308,75477.31066392967,6958.900983199191,82436.21164712886,90664.21164712886,0.32863874328340287,yes
MMR003,Kayin,MMR003001,Hpa-An,437422.79044545017,151,437271.79044545017,0.121,0.571,0.282,0.026,0.308,123310.64490561694,11369.066551581704,134679.71145719863,134830.71145719863,0.30823888101462105,yes
MMR003,Kayin,MMR003003,Hpapun,36403.91058003586,47843,-11439.08941996414,0.121,0.571,0.282,0.026,0.308,-3225.8232164298875,-297.4163249190676,-3523.239541348955,44319.76045865104,1.2174450423729006,yes
MMR003,Kayin,MMR003006,Kawkareik,228625.06669591743,NA,228625.06669591743,0.121,0.571,0.282,0.026,0.308,64472.26880824871,5944.251734093853,70416.52054234257,70416.52054234257,0.308,no
MMR003,Kayin,MMR003007,Kyainseikgyi,264429.2491780408,NA,264429.2491780408,0.121,0.571,0.282,0.026,0.308,74569.0482682075,6875.16047862906,81444.20874683655,81444.20874683655,0.308,no
MMR003,Kayin,MMR003005,Myawaddy,218454.5912361622,100,218354.5912361622,0.121,0.571,0.282,0.026,0.308,61575.99472859773,5677.219372140217,67253.21410073795,67353.21410073795,0.30831677063690177,yes
MMR003,Kayin,MMR003004,Thandaunggyi,99662.77380742782,2902,96760.77380742782,0.121,0.571,0.282,0.026,0.308,27286.538213694643,2515.7801189931233,29802.318332687766,32704.318332687766,0.328149790370879,yes
MMR004,Chin,MMR004001,Falam,51831.49727101556,4310,47521.49727101556,0.083,0.36,0.389,0.169,0.558,18485.862438425054,8031.13303880163,26516.995477226686,30826.995477226686,0.5947540993469486,yes
MMR004,Chin,MMR004002,Hakha,52127.97296104466,255,51872.97296104466,0.083,0.36,0.389,0.169,0.558,20178.586481846374,8766.532430416548,28945.118912262922,29200.118912262922,0.5601621788379193,yes
MMR004,Chin,MMR004008,Kanpetlet,23171.461839256557,1202,21969.461839256557,0.083,0.36,0.389,0.169,0.558,8546.1206554708,3712.839050834358,12258.959706305159,13460.959706305159,0.580928376452275,yes
MMR004,Chin,MMR004007,Matupi,55361.17512248934,NA,55361.17512248934,0.083,0.36,0.389,0.169,0.558,21535.497122648354,9356.038595700698,30891.535718349052,30891.535718349052,0.558,no
MMR004,Chin,MMR004006,Mindat,45926.77961905409,4820,41106.77961905409,0.083,0.36,0.389,0.169,0.558,15990.537271812042,6947.045755620142,22937.583027432185,27757.583027432185,0.6043877506254788,yes
MMR004,Chin,MMR004009,Paletwa,104632.20052507173,9841,94791.20052507173,0.083,0.36,0.389,0.169,0.558,36873.77700425291,16019.712888737124,52893.48989299003,62734.48989299003,0.5995715427771944,yes
MMR004,Chin,MMR004004,Tedim,94465.77959061916,NA,94465.77959061916,0.083,0.36,0.389,0.169,0.558,36747.18826075085,15964.71675081464,52711.90501156549,52711.90501156549,0.5579999999999999,no
MMR004,Chin,MMR004003,Thantlang,54307.87785282231,1394,52913.87785282231,0.083,0.36,0.389,0.169,0.558,20583.49848474788,8942.445357126971,29525.943841874854,30919.943841874854,0.5693454626540518,yes
MMR004,Chin,MMR004005,Tonzang,34367.46198817385,NA,34367.46198817385,0.083,0.36,0.389,0.169,0.558,13368.942713399627,5808.1010760013805,19177.043789401007,19177.043789401007,0.5579999999999999,no
MMR011,Mon,MMR011010,Bilin,174375.27232961828,1095,173280.27232961828,0.135,0.623,0.233,0.009,0.242,40374.30345280106,1559.5224509665645,41933.825903767625,43028.825903767625,0.24675990654472527,yes
MMR011,Mon,MMR011003,Chaungzon,117607.3699214522,NA,117607.3699214522,0.135,0.623,0.233,0.009,0.242,27402.517191698367,1058.4663292930697,28460.983520991438,28460.983520991438,0.24200000000000005,no
MMR011,Mon,MMR011002,Kyaikmaraw,188565.08118107164,NA,188565.08118107164,0.135,0.623,0.233,0.009,0.242,43935.663915189696,1697.0857306296446,45632.74964581934,45632.74964581934,0.24200000000000002,no
MMR011,Mon,MMR011009,Kyaikto,177704.36423321342,NA,177704.36423321342,0.135,0.623,0.233,0.009,0.242,41405.11686633873,1599.3392780989207,43004.45614443765,43004.45614443765,0.24200000000000002,no
MMR011,Mon,MMR011001,Mawlamyine,278680.7196406106,NA,278680.7196406106,0.135,0.623,0.233,0.009,0.242,64932.607676262276,2508.1264767654952,67440.73415302778,67440.73415302778,0.24200000000000002,no
MMR011,Mon,MMR011005,Mudon,183679.78085508436,NA,183679.78085508436,0.135,0.623,0.233,0.009,0.242,42797.38893923466,1653.118027695759,44450.50696693042,44450.50696693042,0.24200000000000002,no
MMR011,Mon,MMR011008,Paung,210376.07410109657,NA,210376.07410109657,0.135,0.623,0.233,0.009,0.242,49017.62526555551,1893.384666909869,50911.00993246538,50911.00993246538,0.24200000000000005,no
MMR011,Mon,MMR011004,Thanbyuzayat,164226.21257492076,NA,164226.21257492076,0.135,0.623,0.233,0.009,0.242,38264.70752995654,1478.0359131742869,39742.74344313083,39742.74344313083,0.24200000000000002,no
MMR011,Mon,MMR011007,Thaton,229296.140236455,NA,229296.140236455,0.135,0.623,0.233,0.009,0.242,53426.000675094016,2063.6652621280946,55489.66593722211,55489.66593722211,0.24200000000000002,no
MMR011,Mon,MMR011006,Ye,253869.98090638287,NA,253869.98090638287,0.135,0.623,0.233,0.009,0.242,59151.70555118721,2284.8298281574457,61436.535379344656,61436.535379344656,0.242,no
MMR012,Rakhine,MMR012014,Ann,123930.35613315948,3984,119946.35613315948,0.021,0.58,0.346,0.054,0.4,41501.439222073175,6477.103231190612,47978.542453263784,51962.542453263784,0.41928825248780516,yes
MMR012,Rakhine,MMR012010,Buthidaung,57501.30838010879,7030,50471.30838010879,0.021,0.58,0.346,0.054,0.4,17463.07269951764,2725.450652525875,20188.523352043514,27218.523352043514,0.4733548525907823,yes
MMR012,Rakhine,MMR012017,Gwa,68340.06432105285,NA,68340.06432105285,0.021,0.58,0.346,0.054,0.4,23645.662255084284,3690.363473336854,27336.025728421137,27336.025728421137,0.39999999999999997,no
MMR012,Rakhine,MMR012011,Kyaukpyu,171175.73756895756,1001,170174.73756895756,0.021,0.58,0.346,0.054,0.4,58880.45919885931,9189.435828723708,68069.89502758301,69070.89502758301,0.40350867481881325,yes
MMR012,Rakhine,MMR012004,Kyauktaw,179196.62400930474,15095,164101.62400930474,0.021,0.58,0.346,0.054,0.4,56779.16190721944,8861.487696502456,65640.64960372189,80735.64960372189,0.4505422468200613,yes
MMR012,Rakhine,MMR012009,Maungdaw,42221.457598032895,NA,42221.457598032895,0.021,0.58,0.346,0.054,0.4,14608.62432891938,2279.958710293776,16888.583039213157,16888.583039213157,0.39999999999999997,no
MMR012,Rakhine,MMR012005,Minbya,175167.54682476277,2922,172245.54682476277,0.021,0.58,0.346,0.054,0.4,59596.959201367914,9301.25952853719,68898.2187299051,71820.2187299051,0.41000870327740496,yes
MMR012,Rakhine,MMR012003,Mrauk-U,196308.81462093847,22743,173565.81462093847,0.021,0.58,0.346,0.054,0.4,60053.77185884471,9372.553989530677,69426.32584837539,92169.32584837539,0.4695119066678146,yes
MMR012,Rakhine,MMR012012,Munaung,58972.356344968524,NA,58972.356344968524,0.021,0.58,0.346,0.054,0.4,20404.435295359108,3184.5072426283004,23588.94253798741,23588.94253798741,0.39999999999999997,no
MMR012,Rakhine,MMR012006,Myebon,142024.9707551043,6579,135445.9707551043,0.021,0.58,0.346,0.054,0.4,46864.30588126608,7314.082420775632,54178.38830204171,60757.38830204171,0.427793704015659,yes
MMR012,Rakhine,MMR012007,Pauktaw,151097.64096202247,24429,126668.64096202247,0.021,0.58,0.346,0.054,0.4,43827.34977285977,6840.106611949213,50667.45638480899,75096.45638480899,0.4970061471951376,yes
MMR012,Rakhine,MMR012002,Ponnagyun,134322.93214950498,2889,131433.93214950498,0.021,0.58,0.346,0.054,0.4,45476.14052372872,7097.432336073269,52573.572859801985,55462.572859801985,0.4129047212732869,yes
MMR012,Rakhine,MMR012013,Ramree,101338.74477697774,NA,101338.74477697774,0.021,0.58,0.346,0.054,0.4,35063.20569283429,5472.292217956798,40535.49791079109,40535.49791079109,0.39999999999999997,no
MMR012,Rakhine,MMR012008,Rathedaung,115917.75145475383,19553,96364.75145475383,0.021,0.58,0.346,0.054,0.4,33342.20400334482,5203.696578556707,38545.90058190153,58098.90058190153,0.5012079673110228,yes
MMR012,Rakhine,MMR012001,Sittwe,153108.0386733227,112456,40652.038673322706,0.021,0.58,0.346,0.054,0.4,14065.605380969655,2195.210088359426,16260.815469329082,128716.81546932909,0.8406927329528681,yes
MMR012,Rakhine,MMR012015,Thandwe,138185.3388749741,NA,138185.3388749741,0.021,0.58,0.346,0.054,0.4,47812.12725074104,7462.008299248602,55274.135549989645,55274.135549989645,0.4,no
MMR012,Rakhine,MMR012016,Toungup,163917.80844747147,NA,163917.80844747147,0.021,0.58,0.346,0.054,0.4,56715.56172282512,8851.56165616346,65567.12337898859,65567.12337898859,0.4,no
MMR013,Yangon,MMR013037,Ahlone,64567.03937827991,NA,64567.03937827991,0.151,0.624,0.216,0.008,0.224,13946.48050570846,516.5363150262393,14463.0168207347,14463.0168207347,0.224,no
MMR013,Yangon,MMR013044,Bahan,112571.62418693941,NA,112571.62418693941,0.151,0.624,0.216,0.008,0.224,24315.470824378914,900.5729934955153,25216.04381787443,25216.04381787443,0.224,no
MMR013,Yangon,MMR013017,Botahtaung,47707.829193478705,NA,47707.829193478705,0.151,0.624,0.216,0.008,0.224,10304.8911057914,381.66263354782967,10686.55373933923,10686.55373933923,0.224,no
MMR013,Yangon,MMR013032,Cocokyun,2257.670170395138,NA,2257.670170395138,0.151,0.624,0.216,0.008,0.224,487.6567568053498,18.061361363161105,505.7181181685109,505.7181181685109,0.224,no
MMR013,Yangon,MMR013043,Dagon,29189.115058686,NA,29189.115058686,0.151,0.624,0.216,0.008,0.224,6304.848852676176,233.512920469488,6538.361773145663,6538.361773145663,0.22399999999999998,no
MMR013,Yangon,MMR013020,Dagon Myothit (East),192749.1726712401,NA,192749.1726712401,0.151,0.624,0.216,0.008,0.224,41633.821296987866,1541.993381369921,43175.81467835779,43175.81467835779,0.22400000000000003,no
MMR013,Yangon,MMR013019,Dagon Myothit (North),237343.97727409672,NA,237343.97727409672,0.151,0.624,0.216,0.008,0.224,51266.29909120489,1898.7518181927737,53165.050909397665,53165.050909397665,0.224,no
MMR013,Yangon,MMR013021,Dagon Myothit (Seikkan),194867.1931403737,NA,194867.1931403737,0.151,0.624,0.216,0.008,0.224,42091.31371832072,1558.9375451229898,43650.251263443715,43650.251263443715,0.22400000000000003,no
MMR013,Yangon,MMR013018,Dagon Myothit (South),432502.10729209863,NA,432502.10729209863,0.151,0.624,0.216,0.008,0.224,93420.4551750933,3460.016858336789,96880.4720334301,96880.4720334301,0.224,no
MMR013,Yangon,MMR013030,Dala,201161.9034247383,NA,201161.9034247383,0.151,0.624,0.216,0.008,0.224,43450.97113974347,1609.2952273979065,45060.26636714138,45060.26636714138,0.22400000000000003,no
MMR013,Yangon,MMR013014,Dawbon,87659.28122938855,NA,87659.28122938855,0.151,0.624,0.216,0.008,0.224,18934.404745547927,701.2742498351084,19635.678995383034,19635.678995383034,0.22399999999999998,no
MMR013,Yangon,MMR013040,Hlaing,186556.8721678007,NA,186556.8721678007,0.151,0.624,0.216,0.008,0.224,40296.28438824495,1492.4549773424055,41788.73936558736,41788.73936558736,0.22400000000000003,no
MMR013,Yangon,MMR013008,Hlaingtharya,800503.5088140167,NA,800503.5088140167,0.151,0.624,0.216,0.008,0.224,172908.75790382762,6404.028070512134,179312.78597433976,179312.78597433976,0.224,no
MMR013,Yangon,MMR013004,Hlegu,315074.1647437887,NA,315074.1647437887,0.151,0.624,0.216,0.008,0.224,68056.01958465837,2520.59331795031,70576.61290260867,70576.61290260867,0.224,no
MMR013,Yangon,MMR013003,Hmawbi,284660.787304043,NA,284660.787304043,0.151,0.624,0.216,0.008,0.224,61486.73005767329,2277.286298432344,63764.01635610563,63764.01635610563,0.224,no
MMR007,Bago (East),MMR007014,Htantabin,169665.07705270514,NA,169665.07705270514,0.151,0.624,0.216,0.008,0.224,36647.65664338431,1357.320616421641,38004.97725980595,38004.97725980595,0.224,no
MMR013,Yangon,MMR007014,Htantabin,169665.07705270514,NA,169665.07705270514,0.151,0.624,0.216,0.008,0.224,36647.65664338431,1357.320616421641,38004.97725980595,38004.97725980595,0.224,no
MMR013,Yangon,MMR013001,Insein,355272.33125192724,NA,355272.33125192724,0.151,0.624,0.216,0.008,0.224,76738.82355041629,2842.178650015418,79581.0022004317,79581.0022004317,0.224,no
MMR013,Yangon,MMR013041,Kamaryut,98416.9632165703,NA,98416.9632165703,0.151,0.624,0.216,0.008,0.224,21258.064054779185,787.3357057325624,22045.399760511747,22045.399760511747,0.224,no
MMR013,Yangon,MMR013028,Kawhmu,138544.1411265676,NA,138544.1411265676,0.151,0.624,0.216,0.008,0.224,29925.534483338604,1108.3531290125409,31033.887612351144,31033.887612351144,0.22399999999999998,no
MMR013,Yangon,MMR013026,Kayan,183894.21786374706,NA,183894.21786374706,0.151,0.624,0.216,0.008,0.224,39721.15105856937,1471.1537429099765,41192.304801479346,41192.304801479346,0.224,no
MMR013,Yangon,MMR013029,Kungyangon,129911.46209358246,NA,129911.46209358246,0.151,0.624,0.216,0.008,0.224,28060.875812213813,1039.2916967486597,29100.167508962473,29100.167508962473,0.224,no
MMR013,Yangon,MMR013033,Kyauktada,34741.35443134332,NA,34741.35443134332,0.151,0.624,0.216,0.008,0.224,7504.132557170157,277.9308354507466,7782.063392620904,7782.063392620904,0.22399999999999998,no
MMR013,Yangon,MMR013024,Kyauktan,194867.1931403737,NA,194867.1931403737,0.151,0.624,0.216,0.008,0.224,42091.31371832072,1558.9375451229898,43650.251263443715,43650.251263443715,0.22400000000000003,no
MMR013,Yangon,MMR013038,Kyeemyindaing,129774.13988734195,NA,129774.13988734195,0.151,0.624,0.216,0.008,0.224,28031.214215665863,1038.1931190987357,29069.407334764597,29069.407334764597,0.224,no
MMR013,Yangon,MMR013035,Lanmadaw,54882.332595791086,NA,54882.332595791086,0.151,0.624,0.216,0.008,0.224,11854.583840690875,439.05866076632867,12293.642501457203,12293.642501457203,0.224,no
MMR013,Yangon,MMR013036,Latha,29160.02137092318,NA,29160.02137092318,0.151,0.624,0.216,0.008,0.224,6298.564616119406,233.28017096738543,6531.844787086792,6531.844787086792,0.224,no
MMR013,Yangon,MMR013042,Mayangone,230553.5105502536,NA,230553.5105502536,0.151,0.624,0.216,0.008,0.224,49799.558278854776,1844.4280844020288,51643.98636325681,51643.98636325681,0.22400000000000003,no
MMR013,Yangon,MMR013002,Mingaladon,385882.3820209496,NA,385882.3820209496,0.151,0.624,0.216,0.008,0.224,83350.59451652512,3087.059056167597,86437.65357269271,86437.65357269271,0.22399999999999998,no
MMR013,Yangon,MMR013022,Mingalartaungnyunt,154189.56265790385,NA,154189.56265790385,0.151,0.624,0.216,0.008,0.224,33304.94553410723,1233.5165012632308,34538.46203537046,34538.46203537046,0.22399999999999998,no
MMR013,Yangon,MMR013012,North Okkalapa,387868.8990213952,NA,387868.8990213952,0.151,0.624,0.216,0.008,0.224,83779.68218862136,3102.9511921711614,86882.63338079253,86882.63338079253,0.224,no
MMR013,Yangon,MMR013034,Pabedan,38794.68701045995,NA,38794.68701045995,0.151,0.624,0.216,0.008,0.224,8379.652394259349,310.3574960836796,8690.009890343028,8690.009890343028,0.22399999999999998,no
MMR013,Yangon,MMR013016,Pazundaung,56389.38562190537,NA,56389.38562190537,0.151,0.624,0.216,0.008,0.224,12180.10729433156,451.11508497524295,12631.222379306802,12631.222379306802,0.22399999999999998,no
MMR013,Yangon,MMR013039,Sanchaung,115931.36324979032,NA,115931.36324979032,0.151,0.624,0.216,0.008,0.224,25041.17446195471,927.4509059983226,25968.62536795303,25968.62536795303,0.224,no
MMR013,Yangon,MMR013031,Seikgyikanaungto,39570.90659997209,NA,39570.90659997209,0.151,0.624,0.216,0.008,0.224,8547.315825593972,316.5672527997767,8863.883078393748,8863.883078393748,0.224,no
MMR013,Yangon,MMR013045,Seikkan,3288.7504647096184,NA,3288.7504647096184,0.151,0.624,0.216,0.008,0.224,710.3701003772776,26.31000371767695,736.6801040949546,736.6801040949546,0.224,no
MMR013,Yangon,MMR013007,Shwepyithar,399777.52729647426,NA,399777.52729647426,0.151,0.624,0.216,0.008,0.224,86351.94589603844,3198.220218371794,89550.16611441023,89550.16611441023,0.22399999999999998,no
MMR013,Yangon,MMR013011,South Okkalapa,187509.9813789108,NA,187509.9813789108,0.151,0.624,0.216,0.008,0.224,40502.15597784473,1500.0798510312864,42002.23582887602,42002.23582887602,0.224,no
MMR013,Yangon,MMR013005,Taikkyi,322669.94474490674,NA,322669.94474490674,0.151,0.624,0.216,0.008,0.224,69696.70806489985,2581.359557959254,72278.0676228591,72278.0676228591,0.22399999999999998,no
MMR013,Yangon,MMR013015,Tamwe,192382.59220542855,NA,192382.59220542855,0.151,0.624,0.216,0.008,0.224,41554.639916372565,1539.0607376434284,43093.70065401599,43093.70065401599,0.22399999999999998,no
MMR013,Yangon,MMR013013,Thaketa,256671.4959286959,NA,256671.4959286959,0.151,0.624,0.216,0.008,0.224,55441.04312059831,2053.371967429567,57494.415088027876,57494.415088027876,0.22399999999999998,no
MMR013,Yangon,MMR013023,Thanlyin,311957.6489106349,NA,311957.6489106349,0.151,0.624,0.216,0.008,0.224,67382.85216469713,2495.6611912850794,69878.51335598221,69878.51335598221,0.22399999999999998,no
MMR013,Yangon,MMR013009,Thingangyun,243788.8109873174,NA,243788.8109873174,0.151,0.624,0.216,0.008,0.224,52658.38317326056,1950.3104878985393,54608.6936611591,54608.6936611591,0.224,no
MMR013,Yangon,MMR013025,Thongwa,183727.80196974368,NA,183727.80196974368,0.151,0.624,0.216,0.008,0.224,39685.20522546463,1469.8224157579496,41155.02764122258,41155.02764122258,0.22399999999999998,no
MMR013,Yangon,MMR013027,Twantay,263979.8302947172,NA,263979.8302947172,0.151,0.624,0.216,0.008,0.224,57019.64334365892,2111.8386423577376,59131.48198601666,59131.48198601666,0.224,no
MMR013,Yangon,MMR013010,Yankin,82563.23088085231,NA,82563.23088085231,0.151,0.624,0.216,0.008,0.224,17833.657870264098,660.5058470468185,18494.163717310916,18494.163717310916,0.22399999999999998,no
MMR016,Shan (East),MMR016001,Kengtung,190678.07106639686,NA,190678.07106639686,0.158,0.475,0.352,0.016,0.368,67118.6810153717,3050.84913706235,70169.53015243405,70169.53015243405,0.368,no
MMR016,Shan (East),MMR016010,Monghpyak,33949.185057131006,NA,33949.185057131006,0.158,0.475,0.352,0.016,0.368,11950.113140110114,543.1869609140961,12493.30010102421,12493.30010102421,0.368,no
MMR016,Shan (East),MMR016006,Monghsat,116270.07026586277,NA,116270.07026586277,0.158,0.475,0.352,0.016,0.368,40927.06473358369,1860.3211242538043,42787.38585783749,42787.38585783749,0.36799999999999994,no
MMR016,Shan (East),MMR016002,Mongkhet,49472.748796437016,NA,49472.748796437016,0.158,0.475,0.352,0.016,0.368,17414.407576345828,791.5639807429923,18205.97155708882,18205.97155708882,0.36799999999999994,no
MMR016,Shan (East),MMR016005,Mongla,47850.61860323728,NA,47850.61860323728,0.158,0.475,0.352,0.016,0.368,16843.41774833952,765.6098976517965,17609.02764599132,17609.02764599132,0.368,no
MMR016,Shan (East),MMR016007,Mongping,76476.77232090256,NA,76476.77232090256,0.158,0.475,0.352,0.016,0.368,26919.823856957697,1223.6283571344409,28143.452214092136,28143.452214092136,0.36799999999999994,no
MMR016,Shan (East),MMR016008,Mongton,77872.24870628536,NA,77872.24870628536,0.158,0.475,0.352,0.016,0.368,27411.031544612444,1245.9559793005658,28656.98752391301,28656.98752391301,0.36799999999999994,no
MMR016,Shan (East),MMR016003,Mongyang,119598.77030615482,NA,119598.77030615482,0.158,0.475,0.352,0.016,0.368,42098.7671477665,1913.5803248984773,44012.34747266497,44012.34747266497,0.368,no
MMR016,Shan (East),MMR016011,Mongyawng,88761.63091419675,NA,88761.63091419675,0.158,0.475,0.352,0.016,0.368,31244.094081797255,1420.1860946271481,32664.280176424403,32664.280176424403,0.368,no
MMR016,Shan (East),MMR016009,Tachileik,197003.26777179833,NA,197003.26777179833,0.158,0.475,0.352,0.016,0.368,69345.15025567301,3152.0522843487734,72497.20254002178,72497.20254002178,0.368,no
MMR015,Shan (North),MMR015021,Hopang,67885.03753733159,NA,67885.03753733159,0.158,0.475,0.352,0.016,0.368,23895.53321314072,1086.1606005973056,24981.693813738024,24981.693813738024,0.368,no
MMR015,Shan (North),MMR015002,Hseni,62954.206169235404,267,62687.206169235404,0.158,0.475,0.352,0.016,0.368,22065.896571570862,1002.9952987077664,23068.89187027863,23335.89187027863,0.3706804245541017,yes
MMR015,Shan (North),MMR015014,Hsipaw,195720.0072422465,310,195410.0072422465,0.158,0.475,0.352,0.016,0.368,68784.32254927077,3126.560115875944,71910.88266514671,72220.88266514671,0.36900102183093375,yes
MMR015,Shan (North),MMR015023,Konkyan,66731.76963285124,NA,66731.76963285124,0.158,0.475,0.352,0.016,0.368,23489.582910763635,1067.7083141256198,24557.291224889253,24557.291224889253,0.36799999999999994,no
MMR015,Shan (North),MMR015020,Kunlong,65300.739708987356,NA,65300.739708987356,0.158,0.475,0.352,0.016,0.368,22985.86037756355,1044.8118353437976,24030.672212907346,24030.672212907346,0.368,no
MMR015,Shan (North),MMR015011,Kutkai,194046.7688374802,4678,189368.7688374802,0.158,0.475,0.352,0.016,0.368,66657.80663079303,3029.900301399683,69687.70693219271,74365.70693219271,0.38323599706252337,yes
MMR015,Shan (North),MMR015012,Kyaukme,191221.37357631102,5252,185969.37357631102,0.158,0.475,0.352,0.016,0.368,65461.21949886147,2975.5099772209765,68436.72947608244,73688.72947608244,0.38535822694880584,yes
MMR015,Shan (North),MMR015001,Lashio,359318.5035149055,NA,359318.5035149055,0.158,0.475,0.352,0.016,0.368,126480.11323724674,5749.096056238488,132229.20929348524,132229.20929348524,0.36800000000000005,no
MMR015,Shan (North),MMR015022,Laukkaing,105382.9101541064,1000,104382.9101541064,0.158,0.475,0.352,0.016,0.368,36742.78437424545,1670.1265624657024,38412.91093671115,39412.91093671115,0.3739971773324137,yes
MMR015,Shan (North),MMR015018,Mabein,52661.4567789598,NA,52661.4567789598,0.158,0.475,0.352,0.016,0.368,18536.83278619385,842.5833084633568,19379.416094657205,19379.416094657205,0.36799999999999994,no
MMR015,Shan (North),MMR015019,Manton,42887.56684089259,304,42583.56684089259,0.158,0.475,0.352,0.016,0.368,14989.415527994192,681.3370694542815,15670.752597448472,15974.752597448472,0.3724798064836079,yes
MMR015,Shan (North),MMR015024,Matman,21923.200665902245,NA,21923.200665902245,0.158,0.475,0.352,0.016,0.368,7716.96663439759,350.77121065443595,8067.7378450520255,8067.7378450520255,0.368,no
MMR015,Shan (North),MMR015008,Mongmao,78532.21126434059,NA,78532.21126434059,0.158,0.475,0.352,0.016,0.368,27643.338365047883,1256.5153802294494,28899.85374527733,28899.85374527733,0.36799999999999994,no
MMR015,Shan (North),MMR015017,Mongmit,70362.67475023259,NA,70362.67475023259,0.158,0.475,0.352,0.016,0.368,24767.66151208187,1125.8027960037214,25893.464308085593,25893.464308085593,0.368,no
MMR015,Shan (North),MMR015003,Mongyai,65969.59065166286,NA,65969.59065166286,0.158,0.475,0.352,0.016,0.368,23221.295909385324,1055.5134504266057,24276.80935981193,24276.80935981193,0.368,no
MMR015,Shan (North),MMR015009,Muse,190888.05915305082,1713,189175.05915305082,0.158,0.475,0.352,0.016,0.368,66589.62082187389,3026.800946448813,69616.4217683227,71329.4217683227,0.37367147051944183,yes
MMR015,Shan (North),MMR015010,Namhkan,118919.91993078153,1294,117625.91993078153,0.158,0.475,0.352,0.016,0.368,41404.32381563509,1882.0147188925046,43286.3385345276,44580.3385345276,0.3748769639306519,yes
MMR015,Shan (North),MMR015016,Namhsan,80222.11539026989,NA,80222.11539026989,0.158,0.475,0.352,0.016,0.368,28238.184617375,1283.5538462443183,29521.738463619316,29521.738463619316,0.368,no
MMR015,Shan (North),MMR015015,Namtu,56022.37721350035,631,55391.37721350035,0.158,0.475,0.352,0.016,0.368,19497.764779152123,886.2620354160057,20384.02681456813,21015.02681456813,0.3751184412342984,yes
MMR015,Shan (North),MMR015006,Narphan,129081.56564790812,NA,129081.56564790812,0.158,0.475,0.352,0.016,0.368,45436.71110806365,2065.30505036653,47502.01615843018,47502.01615843018,0.36799999999999994,no
MMR015,Shan (North),MMR015013,Nawnghkio,166481.66603385995,NA,166481.66603385995,0.158,0.475,0.352,0.016,0.368,58601.5464439187,2663.706656541759,61265.25310046045,61265.25310046045,0.36799999999999994,no
MMR015,Shan (North),MMR015005,Pangsang (Panghkam),117739.98687244033,NA,117739.98687244033,0.158,0.475,0.352,0.016,0.368,41444.47537909899,1883.8397899590454,43328.31516905804,43328.31516905804,0.368,no
MMR015,Shan (North),MMR015007,Pangwaun,107879.43518432547,NA,107879.43518432547,0.158,0.475,0.352,0.016,0.368,37973.561184882565,1726.0709629492076,39699.63214783177,39699.63214783177,0.368,no
MMR015,Shan (North),MMR015004,Tangyan,191994.66303827474,NA,191994.66303827474,0.158,0.475,0.352,0.016,0.368,67582.1213894727,3071.914608612396,70654.03599808509,70654.03599808509,0.36799999999999994,no
MMR017,Ayeyarwady,MMR017024,Bogale,322567.78432392236,NA,322567.78432392236,0.139,0.558,0.285,0.018,0.303,91931.81853231786,5806.220117830602,97738.03865014846,97738.03865014846,0.30299999999999994,no
MMR017,Ayeyarwady,MMR017022,Danubyu,179298.96276896607,NA,179298.96276896607,0.139,0.558,0.285,0.018,0.303,51100.204389155326,3227.381329841389,54327.585718996714,54327.585718996714,0.303,no
MMR017,Ayeyarwady,MMR017026,Dedaye,202864.86046430896,NA,202864.86046430896,0.139,0.558,0.285,0.018,0.303,57816.48523232805,3651.567488357561,61468.05272068561,61468.05272068561,0.303,no
MMR017,Ayeyarwady,MMR017015,Einme,194042.51934686952,NA,194042.51934686952,0.139,0.558,0.285,0.018,0.303,55302.118013857806,3492.7653482436513,58794.88336210146,58794.88336210146,0.30299999999999994,no
MMR017,Ayeyarwady,MMR017008,Hinthada,338333.0329836413,NA,338333.0329836413,0.139,0.558,0.285,0.018,0.303,96424.91440033777,6089.994593705544,102514.90899404332,102514.90899404332,0.303,no
MMR017,Ayeyarwady,MMR017013,Ingapu,214319.40828568256,NA,214319.40828568256,0.139,0.558,0.285,0.018,0.303,61081.031361419526,3857.7493491422856,64938.78071056181,64938.78071056181,0.303,no
MMR017,Ayeyarwady,MMR017002,Kangyidaunt,177936.37342697513,NA,177936.37342697513,0.139,0.558,0.285,0.018,0.303,50711.866426687906,3202.8547216855522,53914.72114837346,53914.72114837346,0.30299999999999994,no
MMR017,Ayeyarwady,MMR017025,Kyaiklat,193281.7486284138,NA,193281.7486284138,0.139,0.558,0.285,0.018,0.303,55085.29835909793,3479.071475311448,58564.36983440937,58564.36983440937,0.30299999999999994,no
MMR017,Ayeyarwady,MMR017012,Kyangin,96054.05117132452,NA,96054.05117132452,0.139,0.558,0.285,0.018,0.303,27375.404583827487,1728.9729210838414,29104.37750491133,29104.37750491133,0.303,no
MMR017,Ayeyarwady,MMR017007,Kyaunggon,162985.87921606208,NA,162985.87921606208,0.139,0.558,0.285,0.018,0.303,46450.975576577686,2933.745825889117,49384.72140246681,49384.72140246681,0.303,no
MMR017,Ayeyarwady,MMR017005,Kyonpyaw,235655.97785729854,NA,235655.97785729854,0.139,0.558,0.285,0.018,0.303,67161.95368933008,4241.807601431374,71403.76129076145,71403.76129076145,0.303,no
MMR017,Ayeyarwady,MMR017016,Labutta,315123.0280291265,NA,315123.0280291265,0.139,0.558,0.285,0.018,0.303,89810.06298830106,5672.214504524277,95482.27749282533,95482.27749282533,0.303,no
MMR017,Ayeyarwady,MMR017010,Lemyethna,102992.95991876331,NA,102992.95991876331,0.139,0.558,0.285,0.018,0.303,29352.99357684754,1853.8732785377395,31206.86685538528,31206.86685538528,0.30299999999999994,no
MMR017,Ayeyarwady,MMR017019,Maubin,313998.3669801612,NA,313998.3669801612,0.139,0.558,0.285,0.018,0.303,89489.53458934595,5651.970605642901,95141.50519498884,95141.50519498884,0.303,no
MMR017,Ayeyarwady,MMR017018,Mawlamyinegyun,311246.19643100415,NA,311246.19643100415,0.139,0.558,0.285,0.018,0.303,88705.16598283617,5602.4315357580745,94307.59751859425,94307.59751859425,0.303,no
MMR017,Ayeyarwady,MMR017011,Myanaung,218515.143772356,NA,218515.143772356,0.139,0.558,0.285,0.018,0.303,62276.815975121455,3933.272587902408,66210.08856302386,66210.08856302386,0.303,no
MMR017,Ayeyarwady,MMR017014,Myaungmya,298547.0237154422,NA,298547.0237154422,0.139,0.558,0.285,0.018,0.303,85085.90175890103,5373.84642687796,90459.748185779,90459.748185779,0.303,no
MMR017,Ayeyarwady,MMR017004,Ngapudaw,324381.2377842096,NA,324381.2377842096,0.139,0.558,0.285,0.018,0.303,92448.65276849973,5838.862280115773,98287.5150486155,98287.5150486155,0.303,no
MMR017,Ayeyarwady,MMR017021,Nyaungdon,215840.9497225939,NA,215840.9497225939,0.139,0.558,0.285,0.018,0.303,61514.67067093926,3885.1370950066903,65399.80776594595,65399.80776594595,0.303,no
MMR017,Ayeyarwady,MMR017020,Pantanaw,264516.27992181526,NA,264516.27992181526,0.139,0.558,0.285,0.018,0.303,75387.13977771734,4761.293038592675,80148.43281631001,80148.43281631001,0.30299999999999994,no
MMR017,Ayeyarwady,MMR017001,Pathein,380870.2131022873,NA,380870.2131022873,0.139,0.558,0.285,0.018,0.303,108548.01073415187,6855.663835841171,115403.67456999305,115403.67456999305,0.303,no
MMR017,Ayeyarwady,MMR017023,Pyapon,314027.3582427568,NA,314027.3582427568,0.139,0.558,0.285,0.018,0.303,89497.79709918569,5652.492448369622,95150.28954755531,95150.28954755531,0.303,no
MMR017,Ayeyarwady,MMR017003,Thabaung,154353.48085355895,NA,154353.48085355895,0.139,0.558,0.285,0.018,0.303,43990.7420432643,2778.362655364061,46769.10469862836,46769.10469862836,0.303,no
MMR017,Ayeyarwady,MMR017017,Wakema,289018.8953086076,NA,289018.8953086076,0.139,0.558,0.285,0.018,0.303,82370.38516295316,5202.340115554936,87572.7252785081,87572.7252785081,0.30299999999999994,no
MMR017,Ayeyarwady,MMR017006,Yegyi,194041.51964815924,NA,194041.51964815924,0.139,0.558,0.285,0.018,0.303,55301.83309972538,3492.7473536668663,58794.58045339225,58794.58045339225,0.303,no
MMR017,Ayeyarwady,MMR017009,Zalun,168152.32215033146,NA,168152.32215033146,0.139,0.558,0.285,0.018,0.303,47923.41181284446,3026.741798705966,50950.15361155043,50950.15361155043,0.303,no
MMR007,Bago (East),MMR007001,Bago,498305.6738756886,NA,498305.6738756886,0.251,0.513,0.235,0,0.235,117101.83336078681,0,117101.83336078681,117101.83336078681,0.235,no
MMR007,Bago (East),MMR007007,Daik-U,205361.95731276876,NA,205361.95731276876,0.251,0.513,0.235,0,0.235,48260.05996850065,0,48260.05996850065,48260.05996850065,0.23499999999999996,no
MMR007,Bago (East),MMR007014,Htantabin,118915.85891380176,NA,118915.85891380176,0.251,0.513,0.235,0,0.235,27945.22684474341,0,27945.22684474341,27945.22684474341,0.235,no
MMR013,Yangon,MMR007014,Htantabin,118915.85891380176,NA,118915.85891380176,0.251,0.513,0.235,0,0.235,27945.22684474341,0,27945.22684474341,27945.22684474341,0.235,no
MMR007,Bago (East),MMR007003,Kawa,200122.70765377962,NA,200122.70765377962,0.251,0.513,0.235,0,0.235,47028.836298638205,0,47028.836298638205,47028.836298638205,0.23499999999999996,no
MMR007,Bago (East),MMR007011,Kyaukkyi,114913.6683962809,2513,112400.6683962809,0.251,0.513,0.235,0,0.235,26414.15707312601,0,26414.15707312601,28927.15707312601,0.25172947201868473,yes
MMR007,Bago (East),MMR007006,Kyauktaga,254724.6729889659,NA,254724.6729889659,0.251,0.513,0.235,0,0.235,59860.298152406984,0,59860.298152406984,59860.298152406984,0.235,no
MMR007,Bago (East),MMR007005,Nyaunglebin,202272.3514078065,NA,202272.3514078065,0.251,0.513,0.235,0,0.235,47534.00258083452,0,47534.00258083452,47534.00258083452,0.235,no
MMR007,Bago (East),MMR007013,Oktwin,162062.85939557207,NA,162062.85939557207,0.251,0.513,0.235,0,0.235,38084.771957959434,0,38084.771957959434,38084.771957959434,0.235,no
MMR007,Bago (East),MMR007012,Phyu,260870.42336309663,NA,260870.42336309663,0.251,0.513,0.235,0,0.235,61304.54949032771,0,61304.54949032771,61304.54949032771,0.235,no
MMR007,Bago (East),MMR007008,Shwegyin,108964.63070530172,NA,108964.63070530172,0.251,0.513,0.235,0,0.235,25606.688215745904,0,25606.688215745904,25606.688215745904,0.235,no
MMR007,Bago (East),MMR007009,Taungoo,265720.30358739407,NA,265720.30358739407,0.251,0.513,0.235,0,0.235,62444.2713430376,0,62444.2713430376,62444.2713430376,0.235,no
MMR007,Bago (East),MMR007002,Thanatpin,147318.53400533367,NA,147318.53400533367,0.251,0.513,0.235,0,0.235,34619.85549125341,0,34619.85549125341,34619.85549125341,0.235,no
MMR007,Bago (East),MMR007004,Waw,178475.18666098692,NA,178475.18666098692,0.251,0.513,0.235,0,0.235,41941.66886533192,0,41941.66886533192,41941.66886533192,0.235,no
MMR007,Bago (East),MMR007010,Yedashe,216579.6501669196,NA,216579.6501669196,0.251,0.513,0.235,0,0.235,50896.2177892261,0,50896.2177892261,50896.2177892261,0.235,no
MMR008,Bago (West),MMR008014,Gyobingauk,119075.0542295481,NA,119075.0542295481,0.251,0.513,0.235,0,0.235,27982.6377439438,0,27982.6377439438,27982.6377439438,0.235,no
MMR008,Bago (West),MMR008008,Letpadan,179887.66484464705,NA,179887.66484464705,0.251,0.513,0.235,0,0.235,42273.601238492054,0,42273.601238492054,42273.601238492054,0.235,no
MMR008,Bago (West),MMR008009,Minhla,124203.77975212738,NA,124203.77975212738,0.251,0.513,0.235,0,0.235,29187.88824174993,0,29187.88824174993,29187.88824174993,0.235,no
MMR009,Magway,MMR008009,Minhla,124203.77975212738,NA,124203.77975212738,0.251,0.513,0.235,0,0.235,29187.88824174993,0,29187.88824174993,29187.88824174993,0.235,no
MMR008,Bago (West),MMR008013,Monyo,129353.79891566637,NA,129353.79891566637,0.251,0.513,0.235,0,0.235,30398.142745181594,0,30398.142745181594,30398.142745181594,0.235,no
MMR008,Bago (West),MMR008012,Nattalin,174548.03087827645,NA,174548.03087827645,0.251,0.513,0.235,0,0.235,41018.787256394964,0,41018.787256394964,41018.787256394964,0.235,no
MMR008,Bago (West),MMR008010,Okpho,128433.10243988504,NA,128433.10243988504,0.251,0.513,0.235,0,0.235,30181.77907337298,0,30181.77907337298,30181.77907337298,0.235,no
MMR008,Bago (West),MMR008003,Padaung,146230.53035058329,NA,146230.53035058329,0.251,0.513,0.235,0,0.235,34364.17463238707,0,34364.17463238707,34364.17463238707,0.235,no
MMR008,Bago (West),MMR008002,Paukkhaung,126601.8493173508,NA,126601.8493173508,0.251,0.513,0.235,0,0.235,29751.43458957744,0,29751.43458957744,29751.43458957744,0.235,no
MMR008,Bago (West),MMR008004,Paungde,139484.50209796958,NA,139484.50209796958,0.251,0.513,0.235,0,0.235,32778.85799302285,0,32778.85799302285,32778.85799302285,0.235,no
MMR008,Bago (West),MMR008001,Pyay,255161.6996200912,NA,255161.6996200912,0.251,0.513,0.235,0,0.235,59962.99941072143,0,59962.99941072143,59962.99941072143,0.235,no
MMR008,Bago (West),MMR008006,Shwedaung,123372.31377179622,NA,123372.31377179622,0.251,0.513,0.235,0,0.235,28992.49373637211,0,28992.49373637211,28992.49373637211,0.235,no
MMR008,Bago (West),MMR008007,Thayarwady,153216.87255117073,NA,153216.87255117073,0.251,0.513,0.235,0,0.235,36005.96504952512,0,36005.96504952512,36005.96504952512,0.235,no
MMR008,Bago (West),MMR008005,Thegon,132788.15900759524,NA,132788.15900759524,0.251,0.513,0.235,0,0.235,31205.21736678488,0,31205.21736678488,31205.21736678488,0.235,no
MMR008,Bago (West),MMR008011,Zigon,68467.1675486599,NA,68467.1675486599,0.251,0.513,0.235,0,0.235,16089.784373935076,0,16089.784373935076,16089.784373935076,0.235,no
MMR009,Magway,MMR009016,Aunglan,233861.00356832598,NA,233861.00356832598,0.226,0.563,0.21,0,0.21,49110.81074934846,0,49110.81074934846,49110.81074934846,0.21000000000000002,no
MMR009,Magway,MMR009003,Chauk,184117.4949189052,NA,184117.4949189052,0.226,0.563,0.21,0,0.21,38664.67393297009,0,38664.67393297009,38664.67393297009,0.20999999999999996,no
MMR009,Magway,MMR009023,Gangaw,132523.7540308305,6250,126273.75403083049,0.226,0.563,0.21,0,0.21,26517.4883464744,0,26517.4883464744,32767.4883464744,0.24725747158393455,yes
MMR009,Magway,MMR009015,Kamma,74759.92110993135,NA,74759.92110993135,0.226,0.563,0.21,0,0.21,15699.583433085583,0,15699.583433085583,15699.583433085583,0.21,no
MMR009,Magway,MMR009001,Magway,287573.41447282815,NA,287573.41447282815,0.226,0.563,0.21,0,0.21,60390.41703929391,0,60390.41703929391,60390.41703929391,0.21,no
MMR009,Magway,MMR009007,Minbu,187093.17739622458,NA,187093.17739622458,0.226,0.563,0.21,0,0.21,39289.56725320716,0,39289.56725320716,39289.56725320716,0.21,no
MMR009,Magway,MMR009014,Mindon,59013.55990853376,NA,59013.55990853376,0.226,0.563,0.21,0,0.21,12392.84758079209,0,12392.84758079209,12392.84758079209,0.21,no
MMR008,Bago (West),MMR008009,Minhla,145236.76834338708,NA,145236.76834338708,0.226,0.563,0.21,0,0.21,30499.721352111286,0,30499.721352111286,30499.721352111286,0.21,no
MMR009,Magway,MMR008009,Minhla,145236.76834338708,NA,145236.76834338708,0.226,0.563,0.21,0,0.21,30499.721352111286,0,30499.721352111286,30499.721352111286,0.21,no
MMR009,Magway,MMR009020,Myaing,224464.6871322603,NA,224464.6871322603,0.226,0.563,0.21,0,0.21,47137.58429777466,0,47137.58429777466,47137.58429777466,0.21,no
MMR009,Magway,MMR009005,Myothit,158588.06803864965,NA,158588.06803864965,0.226,0.563,0.21,0,0.21,33303.494288116424,0,33303.494288116424,33303.494288116424,0.21,no
MMR009,Magway,MMR009006,Natmauk,205798.31943708163,NA,205798.31943708163,0.226,0.563,0.21,0,0.21,43217.647081787145,0,43217.647081787145,43217.647081787145,0.21000000000000002,no
MMR009,Magway,MMR009009,Ngape,51840.30595802967,NA,51840.30595802967,0.226,0.563,0.21,0,0.21,10886.46425118623,0,10886.46425118623,10886.46425118623,0.21,no
MMR009,Magway,MMR009018,Pakokku,288460.2533534726,NA,288460.2533534726,0.226,0.563,0.21,0,0.21,60576.653204229246,0,60576.653204229246,60576.653204229246,0.21,no
MMR009,Magway,MMR009021,Pauk,170521.6185816712,NA,170521.6185816712,0.226,0.563,0.21,0,0.21,35809.53990215095,0,35809.53990215095,35809.53990215095,0.21,no
MMR009,Magway,MMR009008,Pwintbyu,162744.87673817252,NA,162744.87673817252,0.226,0.563,0.21,0,0.21,34176.42411501623,0,34176.42411501623,34176.42411501623,0.21,no
MMR009,Magway,MMR009010,Salin,234667.31111563844,NA,234667.31111563844,0.226,0.563,0.21,0,0.21,49280.135334284074,0,49280.135334284074,49280.135334284074,0.21000000000000002,no
MMR009,Magway,MMR009025,Saw,68299.51859151479,4904,63395.51859151479,0.226,0.563,0.21,0,0.21,13313.058904218105,0,13313.058904218105,18217.058904218105,0.2667230938064226,yes
MMR009,Magway,MMR009022,Seikphyu,102174.37771855226,NA,102174.37771855226,0.226,0.563,0.21,0,0.21,21456.619320895974,0,21456.619320895974,21456.619320895974,0.21,no
MMR009,Magway,MMR009011,Sidoktaya,47251.014172093855,NA,47251.014172093855,0.226,0.563,0.21,0,0.21,9922.71297613971,0,9922.71297613971,9922.71297613971,0.21000000000000002,no
MMR009,Magway,MMR009017,Sinbaungwe,117162.15364424167,NA,117162.15364424167,0.226,0.563,0.21,0,0.21,24604.05226529075,0,24604.05226529075,24604.05226529075,0.21,no
MMR009,Magway,MMR009004,Taungdwingyi,258356.4478971576,NA,258356.4478971576,0.226,0.563,0.21,0,0.21,54254.85405840309,0,54254.85405840309,54254.85405840309,0.21,no
MMR009,Magway,MMR009012,Thayet,103743.24739753983,NA,103743.24739753983,0.226,0.563,0.21,0,0.21,21786.081953483364,0,21786.081953483364,21786.081953483364,0.21,no
MMR009,Magway,MMR009024,Tilin,48583.26092104402,NA,48583.26092104402,0.226,0.563,0.21,0,0.21,10202.484793419244,0,10202.484793419244,10202.484793419244,0.21,no
MMR009,Magway,MMR009002,Yenangyaung,133450.36147114506,NA,133450.36147114506,0.226,0.563,0.21,0,0.21,28024.575908940464,0,28024.575908940464,28024.575908940464,0.21,no
MMR009,Magway,MMR009019,Yesagyo,214105.97155217687,NA,214105.97155217687,0.226,0.563,0.21,0,0.21,44962.25402595714,0,44962.25402595714,44962.25402595714,0.21,no
MMR010,Mandalay,MMR010006,Amarapura,253098.54149568605,NA,253098.54149568605,0.263,0.62,0.118,0,0.118,29865.62789649095,0,29865.62789649095,29865.62789649095,0.118,no
MMR010,Mandalay,MMR010001,Aungmyaythazan,283094.198504246,NA,283094.198504246,0.263,0.62,0.118,0,0.118,33405.115423501025,0,33405.115423501025,33405.115423501025,0.11799999999999998,no
MMR010,Mandalay,MMR010002,Chanayethazan,210020.72620513552,NA,210020.72620513552,0.263,0.62,0.118,0,0.118,24782.44569220599,0,24782.44569220599,24782.44569220599,0.118,no
MMR010,Mandalay,MMR010004,Chanmyathazi,302269.0082577384,NA,302269.0082577384,0.263,0.62,0.118,0,0.118,35667.74297441313,0,35667.74297441313,35667.74297441313,0.11800000000000001,no
MMR010,Mandalay,MMR010020,Kyaukpadaung,278971.0072723958,NA,278971.0072723958,0.263,0.62,0.118,0,0.118,32918.5788581427,0,32918.5788581427,32918.5788581427,0.11799999999999998,no
MMR010,Mandalay,MMR010013,Kyaukse,274709.3466889205,NA,274709.3466889205,0.263,0.62,0.118,0,0.118,32415.70290929262,0,32415.70290929262,32415.70290929262,0.118,no
MMR010,Mandalay,MMR010009,Madaya,274809.470681634,NA,274809.470681634,0.263,0.62,0.118,0,0.118,32427.517540432807,0,32427.517540432807,32427.517540432807,0.118,no
MMR010,Mandalay,MMR010003,Mahaaungmyay,256821.2367566823,NA,256821.2367566823,0.263,0.62,0.118,0,0.118,30304.90593728851,0,30304.90593728851,30304.90593728851,0.118,no
MMR010,Mandalay,MMR010029,Mahlaing,148510.50991557463,NA,148510.50991557463,0.263,0.62,0.118,0,0.118,17524.240170037807,0,17524.240170037807,17524.240170037807,0.11800000000000001,no
MMR010,Mandalay,MMR010028,Meiktila,329837.1910174255,NA,329837.1910174255,0.263,0.62,0.118,0,0.118,38920.78854005621,0,38920.78854005621,38920.78854005621,0.118,no
MMR010,Mandalay,MMR010011,Mogoke,178038.56657518548,NA,178038.56657518548,0.263,0.62,0.118,0,0.118,21008.550855871887,0,21008.550855871887,21008.550855871887,0.118,no
MMR010,Mandalay,MMR010017,Myingyan,294083.33927898115,NA,294083.33927898115,0.263,0.62,0.118,0,0.118,34701.834034919775,0,34701.834034919775,34701.834034919775,0.118,no
MMR010,Mandalay,MMR010015,Myittha,208374.00606965614,NA,208374.00606965614,0.263,0.62,0.118,0,0.118,24588.132716219425,0,24588.132716219425,24588.132716219425,0.118,no
MMR010,Mandalay,MMR010019,Natogyi,188614.4295927627,NA,188614.4295927627,0.263,0.62,0.118,0,0.118,22256.502691945996,0,22256.502691945996,22256.502691945996,0.118,no
MMR010,Mandalay,MMR010021,Ngazun,132326.63815718322,NA,132326.63815718322,0.263,0.62,0.118,0,0.118,15614.54330254762,0,15614.54330254762,15614.54330254762,0.118,no
MMR010,Mandalay,MMR010022,Nyaung-U,255579.27318749158,NA,255579.27318749158,0.263,0.62,0.118,0,0.118,30158.354236124003,0,30158.354236124003,30158.354236124003,0.118,no
MMR010,Mandalay,MMR010007,Patheingyi,280906.3827485704,NA,280906.3827485704,0.263,0.62,0.118,0,0.118,33146.95316433131,0,33146.95316433131,33146.95316433131,0.11800000000000001,no
MMR010,Mandalay,MMR010024,Pyawbwe,277250.79186566925,NA,277250.79186566925,0.263,0.62,0.118,0,0.118,32715.59344014897,0,32715.59344014897,32715.59344014897,0.118,no
MMR010,Mandalay,MMR010005,Pyigyitagon,253183.75340437837,NA,253183.75340437837,0.263,0.62,0.118,0,0.118,29875.682901716646,0,29875.682901716646,29875.682901716646,0.118,no
MMR010,Mandalay,MMR010008,Pyinoolwin,272154.0545770091,NA,272154.0545770091,0.263,0.62,0.118,0,0.118,32114.178440087075,0,32114.178440087075,32114.178440087075,0.118,no
MMR010,Mandalay,MMR010010,Singu,167851.48289101702,NA,167851.48289101702,0.263,0.62,0.118,0,0.118,19806.474981140007,0,19806.474981140007,19806.474981140007,0.118,no
MMR010,Mandalay,MMR010014,Sintgaing,158619.83773306131,NA,158619.83773306131,0.263,0.62,0.118,0,0.118,18717.140852501234,0,18717.140852501234,18717.140852501234,0.118,no
MMR010,Mandalay,MMR010016,Tada-U,147647.73934006476,NA,147647.73934006476,0.263,0.62,0.118,0,0.118,17422.43324212764,0,17422.43324212764,17422.43324212764,0.118,no
MMR010,Mandalay,MMR010018,Taungtha,230755.97903655615,NA,230755.97903655615,0.263,0.62,0.118,0,0.118,27229.205526313624,0,27229.205526313624,27229.205526313624,0.118,no
MMR010,Mandalay,MMR010012,Thabeikkyin,174366.9984594045,NA,174366.9984594045,0.263,0.62,0.118,0,0.118,20575.30581820973,0,20575.30581820973,20575.30581820973,0.118,no
MMR010,Mandalay,MMR010030,Thazi,215884.3706720267,NA,215884.3706720267,0.263,0.62,0.118,0,0.118,25474.35573929915,0,25474.35573929915,25474.35573929915,0.118,no
MMR010,Mandalay,MMR010031,Wundwin,244728.60176438157,NA,244728.60176438157,0.263,0.62,0.118,0,0.118,28877.975008197023,0,28877.975008197023,28877.975008197023,0.118,no
MMR010,Mandalay,MMR010023,Yamethin,274905.3340789128,NA,274905.3340789128,0.263,0.62,0.118,0,0.118,32438.829421311708,0,32438.829421311708,32438.829421311708,0.118,no
MMR005,Sagaing,MMR005014,Ayadaw,163596.30355856032,NA,163596.30355856032,0.2487,0.5994,0.1395,0.0134,0.1529,22821.684346419166,2192.1904676847084,25013.874814103874,25013.874814103874,0.1529,no
MMR005,Sagaing,MMR005023,Banmauk,118329.50284932094,NA,118329.50284932094,0.2487,0.5994,0.1395,0.0134,0.1529,16506.965647480272,1585.6153381809006,18092.580985661174,18092.580985661174,0.1529,no
MMR005,Sagaing,MMR005013,Budalin,129746.76440961284,NA,129746.76440961284,0.2487,0.5994,0.1395,0.0134,0.1529,18099.673635140993,1738.606643088812,19838.280278229806,19838.280278229806,0.15290000000000004,no
MMR005,Sagaing,MMR005015,Chaung-U,111279.17842155536,NA,111279.17842155536,0.2487,0.5994,0.1395,0.0134,0.1529,15523.445389806975,1491.140990848842,17014.586380655815,17014.586380655815,0.1529,no
MMR005,Sagaing,MMR005033,Hkamti,50052.78736458388,NA,50052.78736458388,0.2487,0.5994,0.1395,0.0134,0.1529,6982.363837359451,670.707350685424,7653.071188044875,7653.071188044875,0.1529,no
MMR005,Sagaing,MMR005034,Homalin,271180.7044831875,NA,271180.7044831875,0.2487,0.5994,0.1395,0.0134,0.1529,37829.708275404664,3633.821440074713,41463.52971547938,41463.52971547938,0.15290000000000004,no
MMR005,Sagaing,MMR005021,Indaw,126309.298023187,NA,126309.298023187,0.2487,0.5994,0.1395,0.0134,0.1529,17620.14707423459,1692.544593510706,19312.691667745294,19312.691667745294,0.1529,no
MMR005,Sagaing,MMR005027,Kale,366088.59478020685,100,365988.59478020685,0.2487,0.5994,0.1395,0.0134,0.1529,51055.408971838864,4904.247170054772,55959.65614189363,56059.65614189363,0.1531313920761472,yes
MMR005,Sagaing,MMR005028,Kalewa,59267.67586886143,NA,59267.67586886143,0.2487,0.5994,0.1395,0.0134,0.1529,8267.84078370617,794.1868566427431,9062.027640348913,9062.027640348913,0.1529,no
MMR005,Sagaing,MMR005007,Kanbalu,310412.7719640728,NA,310412.7719640728,0.2487,0.5994,0.1395,0.0134,0.1529,43302.58168898815,4159.531144318576,47462.11283330673,47462.11283330673,0.1529,no
MMR005,Sagaing,MMR005017,Kani,141301.6086453162,3500,137801.6086453162,0.2487,0.5994,0.1395,0.0134,0.1529,19223.324406021613,1846.5415558472373,21069.86596186885,24569.86596186885,0.17388242212827262,yes
MMR005,Sagaing,MMR005020,Katha,176162.5379959527,NA,176162.5379959527,0.2487,0.5994,0.1395,0.0134,0.1529,24574.674050435406,2360.5780091457664,26935.252059581173,26935.252059581173,0.15290000000000004,no
MMR005,Sagaing,MMR005024,Kawlin,152598.09152108652,NA,152598.09152108652,0.2487,0.5994,0.1395,0.0134,0.1529,21287.43376719157,2044.8144263825595,23332.24819357413,23332.24819357413,0.1529,no
MMR005,Sagaing,MMR005005,Khin-U,153816.38086060813,NA,153816.38086060813,0.2487,0.5994,0.1395,0.0134,0.1529,21457.385130054838,2061.139503532149,23518.524633586985,23518.524633586985,0.1529,no
MMR005,Sagaing,MMR005008,Kyunhla,109317.31248515345,NA,109317.31248515345,0.2487,0.5994,0.1395,0.0134,0.1529,15249.765091678908,1464.8519873010564,16714.617078979965,16714.617078979965,0.15290000000000004,no
MMR005,Sagaing,MMR005036,Lahe,57088.40830032074,NA,57088.40830032074,0.2487,0.5994,0.1395,0.0134,0.1529,7963.832957894744,764.9846712242979,8728.817629119043,8728.817629119043,0.15290000000000004,no
MMR005,Sagaing,MMR005035,Lay Shi,11018.166776655535,NA,11018.166776655535,0.2487,0.5994,0.1395,0.0134,0.1529,1537.0342653434473,147.64343480718418,1684.6777001506314,1684.6777001506314,0.1529,no
MMR005,Sagaing,MMR005031,Mawlaik,53892.49928293797,NA,53892.49928293797,0.2487,0.5994,0.1395,0.0134,0.1529,7518.003649969847,722.1594903913689,8240.163140361215,8240.163140361215,0.1529,no
MMR005,Sagaing,MMR005029,Mingin,109607.18132800513,NA,109607.18132800513,0.2487,0.5994,0.1395,0.0134,0.1529,15290.201795256717,1468.7362297952689,16758.938025051986,16758.938025051986,0.1529,no
MMR005,Sagaing,MMR005012,Monywa,390792.56188729784,NA,390792.56188729784,0.2487,0.5994,0.1395,0.0134,0.1529,54515.562383278055,5236.620329289791,59752.18271256785,59752.18271256785,0.1529,no
MMR005,Sagaing,MMR005003,Myaung,111758.09216191898,15000,96758.09216191898,0.2487,0.5994,0.1395,0.0134,0.1529,13497.753856587698,1296.5584349697144,14794.312291557413,29794.312291557413,0.2665964648751375,yes
MMR005,Sagaing,MMR005002,Myinmu,112361.98558452666,NA,112361.98558452666,0.2487,0.5994,0.1395,0.0134,0.1529,15674.49698904147,1505.6506068326573,17180.14759587413,17180.14759587413,0.15290000000000004,no
MMR005,Sagaing,MMR005037,Nanyun,54591.96540373222,NA,54591.96540373222,0.2487,0.5994,0.1395,0.0134,0.1529,7615.579173820645,731.5323364100118,8347.111510230658,8347.111510230658,0.15290000000000004,no
MMR005,Sagaing,MMR005019,Pale,151242.21950615357,NA,151242.21950615357,0.2487,0.5994,0.1395,0.0134,0.1529,21098.289621108426,2026.645741382458,23124.935362490884,23124.935362490884,0.1529,no
MMR005,Sagaing,MMR005032,Paungbyin,118356.80933451711,NA,118356.80933451711,0.2487,0.5994,0.1395,0.0134,0.1529,16510.77490216514,1585.9812450825293,18096.75614724767,18096.75614724767,0.15290000000000004,no
MMR005,Sagaing,MMR005026,Pinlebu,117594.32824788554,NA,117594.32824788554,0.2487,0.5994,0.1395,0.0134,0.1529,16404.408790580033,1575.7639985216663,17980.1727891017,17980.1727891017,0.1529,no
MMR005,Sagaing,MMR005001,Sagaing,322630.3235904986,NA,322630.3235904986,0.2487,0.5994,0.1395,0.0134,0.1529,45006.93014087456,4323.246336112681,49330.17647698724,49330.17647698724,0.1529,no
MMR005,Sagaing,MMR005018,Salingyi,127928.78264520611,NA,127928.78264520611,0.2487,0.5994,0.1395,0.0134,0.1529,17846.065179006255,1714.2456874457619,19560.310866452015,19560.310866452015,0.1529,no
MMR005,Sagaing,MMR005004,Shwebo,280213.89983596734,NA,280213.89983596734,0.2487,0.5994,0.1395,0.0134,0.1529,39089.83902711745,3754.8662578019625,42844.705284919415,42844.705284919415,0.15290000000000004,no
MMR005,Sagaing,MMR005010,Tabayin,147890.87357303873,NA,147890.87357303873,0.2487,0.5994,0.1395,0.0134,0.1529,20630.776863438903,1981.737705878719,22612.514569317624,22612.514569317624,0.1529,no
MMR005,Sagaing,MMR005030,Tamu,120641.10184611999,NA,120641.10184611999,0.2487,0.5994,0.1395,0.0134,0.1529,16829.43370753374,1616.590764738008,18446.024472271747,18446.024472271747,0.1529,no
MMR005,Sagaing,MMR005011,Taze,173406.68349000052,NA,173406.68349000052,0.2487,0.5994,0.1395,0.0134,0.1529,24190.232346855075,2323.649558766007,26513.88190562108,26513.88190562108,0.1529,no
MMR005,Sagaing,MMR005022,Tigyaing,136485.16475648366,NA,136485.16475648366,0.2487,0.5994,0.1395,0.0134,0.1529,19039.68048352947,1828.9012077368811,20868.581691266354,20868.581691266354,0.1529,no
MMR005,Sagaing,MMR005006,Wetlet,206075.74227892887,NA,206075.74227892887,0.2487,0.5994,0.1395,0.0134,0.1529,28747.56604791058,2761.4149465376468,31508.980994448226,31508.980994448226,0.1529,no
MMR005,Sagaing,MMR005025,Wuntho,77083.05696050264,NA,77083.05696050264,0.2487,0.5994,0.1395,0.0134,0.1529,10753.086445990119,1032.9129632707354,11785.999409260854,11785.999409260854,0.1529,no
MMR005,Sagaing,MMR005009,Ye-U,124234.00514827788,NA,124234.00514827788,0.2487,0.5994,0.1395,0.0134,0.1529,17330.643718184765,1664.7356689869237,18995.379387171688,18995.379387171688,0.1529,no
MMR005,Sagaing,MMR005016,Yinmarbin,148589.28944440238,NA,148589.28944440238,0.2487,0.5994,0.1395,0.0134,0.1529,20728.205877494136,1991.096478554992,22719.302356049127,22719.302356049127,0.1529,no
MMR006,Tanintharyi,MMR006010,Bokpyin,86800.59531694955,NA,86800.59531694955,0.135,0.623,0.233,0.009,0.242,20224.538708849246,781.2053578525458,21005.74406670179,21005.74406670179,0.242,no
MMR006,Tanintharyi,MMR006001,Dawei,156104.6855057658,NA,156104.6855057658,0.135,0.623,0.233,0.009,0.242,36372.39172284344,1404.9421695518922,37777.33389239533,37777.33389239533,0.242,no
MMR006,Tanintharyi,MMR006009,Kawthoung,148728.7911632599,NA,148728.7911632599,0.135,0.623,0.233,0.009,0.242,34653.80834103956,1338.5591204693392,35992.367461508904,35992.367461508904,0.24200000000000002,no
MMR006,Tanintharyi,MMR006006,Kyunsu,182435.48113600473,NA,182435.48113600473,0.135,0.623,0.233,0.009,0.242,42507.4671046891,1641.9193302240424,44149.38643491315,44149.38643491315,0.24200000000000002,no
MMR006,Tanintharyi,MMR006002,Launglon,125675.93475263125,NA,125675.93475263125,0.135,0.623,0.233,0.009,0.242,29282.492797363084,1131.0834127736812,30413.576210136765,30413.576210136765,0.24200000000000002,no
MMR006,Tanintharyi,MMR006005,Myeik,302183.2957380707,NA,302183.2957380707,0.135,0.623,0.233,0.009,0.242,70408.70790697048,2719.6496616426357,73128.35756861311,73128.35756861311,0.24200000000000002,no
MMR006,Tanintharyi,MMR006007,Palaw,138077.08199467565,725,137352.08199467565,0.135,0.623,0.233,0.009,0.242,32003.03510475943,1236.1687379520808,33239.20384271151,33964.20384271151,0.2459800232743997,yes
MMR006,Tanintharyi,MMR006008,Tanintharyi,113498.91102819465,NA,113498.91102819465,0.135,0.623,0.233,0.009,0.242,26445.246269569354,1021.4901992537517,27466.736468823106,27466.736468823106,0.24200000000000002,no
MMR006,Tanintharyi,MMR006003,Thayetchaung,112233.83467999121,NA,112233.83467999121,0.135,0.623,0.233,0.009,0.242,26150.483480437953,1010.1045121199209,27160.587992557874,27160.587992557874,0.24200000000000002,no
MMR006,Tanintharyi,MMR006004,Yebyu,130260.37599431549,200,130060.37599431549,0.135,0.623,0.233,0.009,0.242,30304.06760667551,1170.5433839488394,31474.61099062435,31674.61099062435,0.24316382283440222,yes
MMR014,Shan (South),MMR014003,Hopong,124824.02941479757,NA,124824.02941479757,0.158,0.475,0.352,0.016,0.368,43938.05835400874,1997.184470636761,45935.2428246455,45935.2428246455,0.368,no
MMR014,Shan (South),MMR014004,Hsihseng,170025.90940119364,800,169225.90940119364,0.158,0.475,0.352,0.016,0.368,59567.52010922016,2707.614550419098,62275.13465963926,63075.13465963926,0.37097366443608887,yes
MMR014,Shan (South),MMR014005,Kalaw,206747.15941177213,NA,206747.15941177213,0.158,0.475,0.352,0.016,0.368,72775.00011294379,3307.954550588354,76082.95466353215,76082.95466353215,0.368,no
MMR014,Shan (South),MMR014014,Kunhing,59333.30048455188,NA,59333.30048455188,0.158,0.475,0.352,0.016,0.368,20885.32177056226,949.3328077528301,21834.65457831509,21834.65457831509,0.368,no
MMR014,Shan (South),MMR014015,Kyethi,82621.9792377435,1281,81340.9792377435,0.158,0.475,0.352,0.016,0.368,28632.024691685707,1301.455667803896,29933.480359489604,31214.480359489604,0.37779874855902945,yes
MMR014,Shan (South),MMR014012,Laihka,54253.588674066115,NA,54253.588674066115,0.158,0.475,0.352,0.016,0.368,19097.26321327127,868.0574187850578,19965.32063205633,19965.32063205633,0.368,no
MMR014,Shan (South),MMR014018,Langkho,44787.45905347584,NA,44787.45905347584,0.158,0.475,0.352,0.016,0.368,15765.185586823494,716.5993448556135,16481.784931679107,16481.784931679107,0.36799999999999994,no
MMR014,Shan (South),MMR014008,Lawksawk,183022.9498121872,NA,183022.9498121872,0.158,0.475,0.352,0.016,0.368,64424.07833388989,2928.367196994995,67352.44553088488,67352.44553088488,0.368,no
MMR014,Shan (South),MMR014011,Loilen,138388.81539341103,NA,138388.81539341103,0.158,0.475,0.352,0.016,0.368,48712.86301848068,2214.2210462945764,50927.084064775256,50927.084064775256,0.368,no
MMR014,Shan (South),MMR014020,Mawkmai,37564.53550142687,NA,37564.53550142687,0.158,0.475,0.352,0.016,0.368,13222.716496502258,601.03256802283,13823.74906452509,13823.74906452509,0.368,no
MMR014,Shan (South),MMR014017,Monghsu,80830.96973675858,NA,80830.96973675858,0.158,0.475,0.352,0.016,0.368,28452.501347339017,1293.2955157881372,29745.796863127154,29745.796863127154,0.368,no
MMR014,Shan (South),MMR014016,Mongkaing,82544.20587231612,3035,79509.20587231612,0.158,0.475,0.352,0.016,0.368,27987.24046705527,1272.1472939570579,29259.38776101233,32294.38776101233,0.3912374880796243,yes
MMR014,Shan (South),MMR014019,Mongnai,43815.29198563354,NA,43815.29198563354,0.158,0.475,0.352,0.016,0.368,15422.982778943006,701.0446717701367,16124.027450713142,16124.027450713142,0.36799999999999994,no
MMR014,Shan (South),MMR014021,Mongpan,28805.03245814827,NA,28805.03245814827,0.158,0.475,0.352,0.016,0.368,10139.371425268191,460.88051933037235,10600.251944598564,10600.251944598564,0.368,no
MMR014,Shan (South),MMR014013,Nansang,129949.29419646223,NA,129949.29419646223,0.158,0.475,0.352,0.016,0.368,45742.1515571547,2079.1887071433957,47821.340264298095,47821.340264298095,0.36799999999999994,no
MMR014,Shan (South),MMR014002,Nyaungshwe,210440.28322149537,NA,210440.28322149537,0.158,0.475,0.352,0.016,0.368,74074.97969396636,3367.044531543926,77442.0242255103,77442.0242255103,0.368,no
MMR014,Shan (South),MMR014010,Pekon,115093.4703517542,9970,105123.4703517542,0.158,0.475,0.352,0.016,0.368,37003.46156381747,1681.975525628067,38685.43708944554,48655.43708944554,0.4227471544714262,yes
MMR014,Shan (South),MMR014006,Pindaya,88109.44569268427,NA,88109.44569268427,0.158,0.475,0.352,0.016,0.368,31014.52488382486,1409.7511310829484,32424.276014907806,32424.276014907806,0.36799999999999994,no
MMR014,Shan (South),MMR014009,Pinlaung,213606.77024246746,60,213546.77024246746,0.158,0.475,0.352,0.016,0.368,75168.46312534854,3416.7483238794794,78585.21144922802,78645.21144922802,0.3681775224631549,yes
MMR014,Shan (South),MMR014001,Taunggyi,486701.276652264,36,486665.276652264,0.158,0.475,0.352,0.016,0.368,171306.1773815969,7786.644426436224,179092.82180803313,179128.82180803313,0.3680467473604271,yes
MMR014,Shan (South),MMR014007,Ywangan,91697.01993504175,NA,91697.01993504175,0.158,0.475,0.352,0.016,0.368,32277.351017134697,1467.152318960668,33744.50333609537,33744.50333609537,0.36800000000000005,no
MMR018,Nay Pyi Taw,MMR018004,Det Khi Na Thi Ri,57490.06829779366,NA,57490.06829779366,0,0,0,0,0,0,0,0,0,0,no
MMR018,Nay Pyi Taw,MMR018007,Lewe,318535.16586296825,NA,318535.16586296825,0,0,0,0,0,0,0,0,0,0,no
MMR018,Nay Pyi Taw,MMR018008,Oke Ta Ra Thi Ri,91418.70664093515,NA,91418.70664093515,0,0,0,0,0,0,0,0,0,0,no
MMR018,Nay Pyi Taw,MMR018005,Poke Ba Thi Ri,130476.06659285931,NA,130476.06659285931,0,0,0,0,0,0,0,0,0,0,no
MMR018,Nay Pyi Taw,MMR018006,Pyinmana,210082.69677906152,NA,210082.69677906152,0,0,0,0,0,0,0,0,0,0,no
MMR018,Nay Pyi Taw,MMR018003,Tatkon,243155.61481010212,NA,243155.61481010212,0,0,0,0,0,0,0,0,0,0,no
MMR018,Nay Pyi Taw,MMR018002,Za Bu Thi Ri,123719.90831721459,NA,123719.90831721459,0,0,0,0,0,0,0,0,0,0,no
MMR018,Nay Pyi Taw,MMR018001,Zay Yar Thi Ri,124654.03232283259,NA,124654.03232283259,0,0,0,0,0,0,0,0,0,0,no
